{
  "Send Input Event" : {
    "transaction" : "Send Input Event",
    "sampleCount" : 6394602,
    "errorCount" : 186,
    "errorPct" : 0.0029087034,
    "meanResTime" : 187.53475118542488,
    "minResTime" : 101.0,
    "maxResTime" : 2338.0,
    "pct1ResTime" : 308.0,
    "pct2ResTime" : 309.0,
    "pct3ResTime" : 315.0,
    "throughput" : 24.670650906482944,
    "receivedKBytesPerSec" : 20.64711516427567,
    "sentKBytesPerSec" : 12.64852707607768
  },
  "Total" : {
    "transaction" : "Total",
    "sampleCount" : 6394602,
    "errorCount" : 186,
    "errorPct" : 0.0029087034,
    "meanResTime" : 187.53475118542488,
    "minResTime" : 101.0,
    "maxResTime" : 2338.0,
    "pct1ResTime" : 308.0,
    "pct2ResTime" : 309.0,
    "pct3ResTime" : 315.0,
    "throughput" : 24.670650906482944,
    "receivedKBytesPerSec" : 20.64711516427567,
    "sentKBytesPerSec" : 12.64852707607768
  }
}